Organisation,count
cardiffnlp,31
intanm,19
yanezh,16
salohnana2018,12
bardsai,9
BeChi87,7
sasha,7
sismetanin,7
francisco-perez-sorrosal,6
raygx,6
DunnBC22,5
abnersampaio,4
CultureBERT,4
ruanchaves,4
rohanrajpal,4
RogerKam,4
hw2942,4
Venkatesh4342,4
CAMeL-Lab,4
EMBEDDIA,4
Svetlana0303,4
cruiser,4
blanchefort,4
philschmid,3
adnanakbr,3
l3cube-pune,3
DingYao,3
eevvgg,3
finiteautomata,3
Anthos23,3
venetis,3
researchaccount,3
hazrulakmal,3
fassahat,3
RashidNLP,2
KernAI,2
Sonny4Sonnix,2
Tejas3,2
Narsil,2
course5i,2
Tobias,2
A-Funakoshi,2
dogruermikail,2
m3hrdadfi,2
Souvikcmsa,2
BramVanroy,2
pysentimiento,2
NewtonKimathi,2
cassiepowell,2
jordankrishnayah,2
tanoManzo,2
yangheng,2
gabrielkytz,2
jcy204,2
Hyeonseo,2
RecordedFuture,2
jayantapaul888,2
Q317,2
ayameRushia,2
AlonCohen,2
HerbertAIHug,2
seara,2
KarelDO,2
Abdelrahman-Rezk,2
sbcBI,2
evendivil,1
duwuonline,1
ScriptEdgeAI,1
Manauu17,1
candra,1
devtanumisra,1
manvik28,1
incredible45,1
Jonathan0528,1
RogerB,1
Splend1dchan,1
bright1,1
LYTinn,1
TankuVie,1
FinScience,1
mirfan899,1
arjuntheprogrammer,1
meghanabhange,1
GhylB,1
svalabs,1
Kapiche,1
mrcaelumn,1
everyl12,1
santis2,1
kullackaan,1
dhikaardianto,1
tyqiangz,1
Nelver28,1
brema76,1
kartashoffv,1
langecod,1
zainalq7,1
warwickai,1
luissgtorres,1
classla,1
CK42,1
sairahul5223,1
ProsusAI,1
senfu,1
Pendo,1
blinjrm,1
Robher51,1
niksmer,1
chrommium,1
cnut1648,1
israel,1
ozoora,1
midwinter73,1
asaderu-ai,1
ymcnabb,1
Bennet1996,1
ecabott,1
aXhyra,1
Christiansg,1
raoh,1
Ausbel,1
nlp-chula,1
Psunrise,1
lucaordronneau,1
sakasa007,1
sshs,1
memotirre90,1
eduardopds,1
dshin,1
Rem59,1
W4nkel,1
kreynolds03,1
madmancity,1
aarnphm,1
tiwanyan,1
Cincin-nvp,1
ultraleow,1
rhythm00,1
mlkorra,1
sara-nabhani,1
davidchiii,1
MavisAJ,1
benjaminbeilharz,1
oandreae,1
UchihaMadara,1
Mawulom,1
neojex,1
UholoDala,1
chinmayapani,1
bvint,1
quesmed,1
profoz,1
nuriafari,1
antypasd,1
rod16,1
data354,1
slickdata,1
maegancp,1
laurens88,1
dpeinado,1
ongknsro,1
vectorizer,1
bekbote,1
debashish68,1
Teeto,1
CMunch,1
IngeniousArtist,1
Yt99,1
MarieAngeA13,1
BVK97,1
emre,1
alexandrainst,1
Ammar-alhaj-ali,1
IAyoub,1
turing-usp,1
Voicelab,1
shashanksrinath,1
Jorgeutd,1
larskjeldgaard,1
hilmansw,1
FinanceInc,1
poerwiyanto,1
poom-sci,1
Jean-Baptiste,1
xaqren,1
Davlan,1
hanifnoerr,1
aari1995,1
ncduy,1
ZiweiChen,1
JP040,1
alger-ia,1
z-dickson,1
rasmodev,1
oferweintraub,1
nimaafshar,1
KBLab,1
mdraw,1
cointegrated,1
traptrip,1
samayash,1
mrm8488,1
HooshvareLab,1
ahmedrachid,1
koheiduck,1
oliverguhr,1
christian-phu,1
climatebert,1
Seethal,1
lxyuan,1
snunlp,1
soleimanian,1
amansolanki,1
knkarthick,1
hakonmh,1
abhishek,1
avichr,1
Sigma,1
w11wo,1
j-hartmann,1
fergusq,1
neuraly,1
citizenlab,1
MonoHime,1
mdhugol,1
Kyle1668,1
mwz,1
lucas-leme,1
peerapongch,1
mstafam,1
IsaacSarps,1
adam-chell,1
Beanz1935,1
papepipopu,1
pin,1
veb,1
ikoghoemmanuell,1
bowipawan,1
gr8testgad-1,1
gyesibiney,1
AGudden,1
seninoseno,1
nickwong64,1
xyu1163,1
maclean-connor96,1
SiddharthaM,1
yiyanghkust,1
NYTK,1
Timothy1337,1
DSI,1
LondonStory,1
ldeb,1
gabrielyang,1
Himanshusingh,1
mtyrrell,1
Cloudy1225,1
Theivaprakasham,1
techthiyanes,1
Elron,1
ErisGrey,1
elozano,1
CouchCat,1
akoksal,1
ramnika003,1
TFLai,1
Softechlb,1
mdeniz1,1
ganeshkharad,1
akahana,1
sahri,1
Cristian-dcg,1
sudhanvasp,1
dnzblgn,1
MMG,1
slisowski,1
yj2773,1
kinit,1
clips,1
zabiullah,1
deansaco,1
nikunjbjj,1
amphora,1
QuophyDzifa,1
Vasanth,1
atowey01,1
mr4,1
ka05ar,1
aisyahhrazak,1
gsl22,1
arize-ai,1
deepset,1
Abubakari,1
Yah216,1
Anwaarma,1
